{
  "nodes": [
    {
      "body": "You are Walter White — a chemistry teacher with terminal cancer and nothing to lose. To secure your family’s future, you turn to the meth business…",
      "background": "bb_walthouse",
      "charLeft": "",
      "options": [
        { "text": "Continue…", "profit": 0, "relationships": 0, "suspicion": 0, "nextNode": 1 }
      ]
    },
    {
      "body": "After receiving your cancer diagnosis, you weigh your options…",
      "background": "bb_insdev",
      "charLeft": "",
      "options": [
        { "text": "Start a meth empire to secure cash fast.",   "profit": 10,  "relationships": -5, "suspicion": 5,  "nextNode": 2 },
        { "text": "Stick to teaching, maybe take a second job.", "profit": -10, "relationships": 0,  "suspicion": -5, "nextNode": 2 }
      ]
    },
    {
      "body": "You remember Jesse Pinkman, a former student…\n\nWalter: “Jesse, I need your help. I know the chemistry; you know the street.”\n\nJesse: “Yo… are you serious? You want to cook meth?”",
      "background": "bb_parkinglot",
      "charLeft": "Jesse_front",
      "options": [
        { "text": "Partner with Jesse.", "profit": 15, "relationships": 5,  "suspicion": 5, "nextNode": 3 },
        { "text": "Go solo.",            "profit": 5,  "relationships": -10, "suspicion": 5, "nextNode": 3 }
      ]
    },
    {
      "body": "First cook complete.\n\nJesse: “Damn, Mr. White. This is… pure. 99.1 %!”\nWalter: “We sell it. Quietly. No mistakes.”",
      "background": "bb_desert",
      "charLeft": "Jesse_front",
      "options": [
        { "text": "Sell locally through street dealers.", "profit": 10, "relationships": 5,  "suspicion": 0,  "nextNode": 4 },
        { "text": "Seek big-time buyers.",                "profit": 20, "relationships": -5, "suspicion": 5,  "nextNode": 4 }
      ]
    },
    {
      "body": "Krazy-8 finds out you are cooking on his turf. You capture him, but he is a threat.\n\nJesse: “What now, man? He saw our faces!”",
      "background": "bb_doghouse",
      "charLeft": "Jesse_front",
      "options": [
        { "text": "Kill Krazy-8.", "profit": 10, "relationships": -5,  "suspicion": 10, "nextNode": 5 },
        { "text": "Let him go.",   "profit": -5, "relationships": -10, "suspicion": -5, "nextNode": 5 }
      ]
    },
    {
      "body": "You meet Tuco — unstable, but powerful.\n\nTuco: “You got stones, Heisenberg. Let’s make money.”\nJesse: “This dude is psycho.”",
      "background": "bb_tucosair",
      "charLeft": "Tuco_front",
      "options": [
        { "text": "Work with Tuco.",        "profit": 20, "relationships": -10, "suspicion": 10, "nextNode": 6 },
        { "text": "Avoid Tuco, stay small.", "profit": 5, "relationships": 5,   "suspicion": 0,  "nextNode": 6 }
      ]
    },
    {
      "body": "The DEA is noticing your product. It is too pure to ignore.\n\nJesse: “People are talking, man. DEA is looking into blue stuff.”",
      "background": "bb_townstreet",
      "charLeft": "Mike_front",
      "options": [
        { "text": "Lay low. Take a break.",     "profit": -10, "relationships": 5,  "suspicion": -5, "nextNode": 7 },
        { "text": "Ramp up production anyway.", "profit": 15,  "relationships": -5, "suspicion": 5,  "nextNode": 7 }
      ]
    },
    {
      "body": "A man named Gus Fring offers to buy your product — in massive volume.\n\nGus: “I provide distribution. You provide consistency. Are we clear?”",
      "background": "bb_guslospollos",
      "charLeft": "Gus_front",
      "options": [
        { "text": "Work with Gus.",  "profit": 25, "relationships": -5, "suspicion": 5,  "nextNode": 8 },
        { "text": "Go independent.", "profit": 10, "relationships": -5, "suspicion": 10, "nextNode": 8 }
      ]
    },
    {
      "body": "Jesse is on edge. He is suspicious of you, Gus, and everything.\n\nJesse: “You are using me, man. I am not your pawn.”",
      "background": "bb_jessehotel",
      "charLeft": "Jesse_front",
      "options": [
        { "text": "Be honest, try to rebuild trust.", "profit": 0,  "relationships": 10, "suspicion": -5, "nextNode": 9 },
        { "text": "Manipulate him into staying.",     "profit": 5,  "relationships": -10,"suspicion": 5,  "nextNode": 9 }
      ]
    },
    {
      "body": "Hank casually mentions a bizarrely pure blue meth case at family dinner.",
      "background": "bb_walthouse",
      "charLeft": "Hank_front",
      "options": [
        { "text": "Laugh it off and change the subject.", "profit": 0,  "relationships": 2,  "suspicion": 3,  "nextNode": 10 },
        { "text": "Probe for details about the investigation.", "profit": 0, "relationships": -3, "suspicion": 6, "nextNode": 10 }
      ]
    },
    {
      "body": "Saul suggests buying a car wash to clean your cash quickly.",
      "background": "bb_saul_office",
      "charLeft": "SaulGoodman_front",
      "options": [
        { "text": "Purchase the car wash.", "profit": -15, "relationships": 5,  "suspicion": -3, "nextNode": 11 },
        { "text": "Too risky. Keep cash in barrels.", "profit": 0, "relationships": -5, "suspicion": 4, "nextNode": 11 }
      ]
    },
    {
      "body": "The DEA is tightening their grip. Arrests are happening. Your alias is at risk.",
      "background": "bb_desk",
      "charLeft": "SaulGoodman_front",
      "options": [
        { "text": "Hide evidence, cover your tracks.",    "profit": -10, "relationships": -5,  "suspicion": 5,  "nextNode": 12 },
        { "text": "Confront those who might betray you.", "profit": 10,  "relationships": -10, "suspicion": 10, "nextNode": 12 }
      ]
    },
    {
      "body": "The empire is crumbling. Jesse is distant. Gus is watching you. The DEA is one step behind.",
      "background": "bb_guslabtwo",
      "charLeft": "",
      "options": [
        { "text": "Save yourself. Flee with profits.",             "profit": 10,  "relationships": -10, "suspicion": 10, "nextNode": -1 },
        { "text": "Go down with the empire. Try to fix everything.","profit": -10, "relationships": 10,  "suspicion": 10, "nextNode": -1 }
      ]
    }
  ]
}
